Top queries,Clicks,Impressions,CTR,Position
formal wedding guest dresses,1,33,3.03%,63.79
elegant pink dresses for wedding guests,1,14,7.14%,67.43
formal wedding guests dresses,1,1,100%,29
wedding guest dress dark pink,1,1,100%,40
casual wedding guest dresses,0,138,0%,73.11
dressy casual wedding attire,0,68,0%,68.6
dressy casual wedding,0,61,0%,66.34
cocktail dresses for weddings,0,59,0%,78.15
casual wedding outfits,0,55,0%,66.11
casual wedding attire for women,0,54,0%,68.69
casual wedding attire for guests,0,51,0%,72.47
semi formal dresses for wedding,0,49,0%,80.71
formal dresses for weddings,0,47,0%,72.57
cocktail dresses for wedding guest,0,44,0%,84.75
summer wedding guest dresses,0,37,0%,78.24
formal dresses for wedding,0,35,0%,73.43
formal wedding dresses,0,34,0%,70.88
black wedding guest dress,0,34,0%,72.94
casual dresses for wedding,0,31,0%,72.68
blush wedding guest dress,0,31,0%,79.45
pink wedding guest dress,0,29,0%,71.79
wedding guest cocktail dresses,0,29,0%,76.24
elegant black dresses for wedding guests,0,28,0%,72.29
indian wedding guest dresses,0,26,0%,53.35
formal wedding attire women,0,26,0%,69.81
wedding casual dress,0,25,0%,84.32
black cocktail dress for wedding,0,22,0%,83.09
cocktail dresses for weddings guest,0,22,0%,91.36
best fall wedding guest dresses 2026 long sleeve but still sexy,0,21,0%,7.48
wedding guest dresses summer,0,21,0%,71.86
cocktail dresses for wedding,0,21,0%,76
best black dress for wedding guest,0,20,0%,70.85
yellow wedding guest dress,0,20,0%,77.45
black wedding guest dresses,0,19,0%,74.47
what to wear to a casual wedding,0,19,0%,76.16
best wedding guest dresses,0,19,0%,84.68
bright pink wedding guest dress,0,16,0%,71.19
semi formal wedding guest dresses,0,16,0%,75.88
summer wedding guest dresses 2026,0,15,0%,73.47
indian wedding dresses for guests,0,14,0%,62.21
elegant black dresses for wedding guests with sleeves,0,14,0%,70.64
dresses formal wedding,0,14,0%,77.14
hot pink dress for wedding guest,0,14,0%,80.36
indian dresses for wedding guests,0,13,0%,63.38
blush dresses for wedding guest,0,13,0%,72.77
summer wedding guest dress 2026,0,12,0%,73.92
best fall wedding guest dresses 2026 long sleeve sexy,0,11,0%,5.55
indian dresses for wedding guest,0,11,0%,58.82
black dress for wedding,0,11,0%,66.09
wedding dresses for guests indian,0,11,0%,66.73
elegant dresses for wedding,0,11,0%,78.55
indian wedding dresses guest,0,10,0%,55.3
hot pink wedding guest dress,0,10,0%,56.7
indian dress for wedding guest,0,10,0%,58.3
cocktail wedding guest dress,0,10,0%,60.1
fuchsia dress for wedding guest,0,10,0%,68.5
casual dress wedding,0,10,0%,72.1
cocktail dress for wedding,0,10,0%,79.2
wedding cocktail dresses,0,10,0%,85.6
casual wedding attire,0,9,0%,68.11
formal dresses wedding guest,0,9,0%,74.67
black dresses for weddings,0,9,0%,77.11
elegant summer wedding guest dresses,0,9,0%,81.44
cocktail dresses to wear to a wedding,0,9,0%,91.11
wedding guest dresses indian,0,8,0%,51.88
blush pink wedding guest dress,0,8,0%,59.62
fuchsia wedding guest dress,0,8,0%,60.12
casual dresses for weddings,0,8,0%,63
semi formal dresses for wedding guest,0,8,0%,65.25
casual wedding guest outfit,0,8,0%,68.88
pink wedding guest dress with sleeves,0,8,0%,69.75
black dresses for wedding,0,8,0%,75.5
cocktail wedding dress,0,8,0%,86.75
wedding guest cocktail dress,0,8,0%,88.12
indian dress wedding guest,0,7,0%,56.29
blush pink dresses for wedding guest,0,7,0%,67.57
cocktail wedding dresses,0,7,0%,78
brown wedding guest dress,0,7,0%,78.57
black elegant dress for wedding,0,7,0%,79.71
formal dresses for wedding guest,0,7,0%,79.71
summer dresses for weddings,0,7,0%,81.14
black guest wedding dresses,0,7,0%,83.71
black wedding guest dress long,0,7,0%,84.29
black cocktail dress wedding,0,7,0%,85
modest wedding guest dresses with sleeves 2025 2026,0,6,0%,19.83
wedding guest dresses fall 2021,0,6,0%,61
classy summer wedding guest dresses,0,6,0%,69.33
pink wedding guest dresses,0,6,0%,71.33
best black dresses for wedding guest,0,6,0%,73.33
formal dress for wedding,0,6,0%,73.83
cocktail wedding guest dresses,0,6,0%,77.33
wedding guest formal dresses,0,6,0%,77.67
black dress for wedding guests,0,6,0%,88.67
semi formal wedding guest dress,0,5,0%,46.6
best semi formal dresses,0,5,0%,57.6
guest dress for indian wedding,0,5,0%,58.4
dress for casual wedding,0,5,0%,63.6
black cocktail dresses for weddings,0,5,0%,75.8
wedding guest dresses 2026,0,5,0%,76
wedding guest dresses best,0,5,0%,77.4
formal dress for wedding guest,0,5,0%,82.8
little black wedding guest dress,0,5,0%,89.6
designer cocktail dresses for weddings,0,5,0%,96.2
wedding guest dress indian,0,4,0%,50.25
casual wedding reception dresses,0,4,0%,56.75
casual wedding dress guest,0,4,0%,60.5
pink dress wedding guest,0,4,0%,62.75
dusty pink dress for wedding guest,0,4,0%,64.75
pink dress for wedding,0,4,0%,65.25
casual wedding outfits for ladies,0,4,0%,65.5
black formal wedding guest dress,0,4,0%,66.75
dress informal wedding,0,4,0%,66.75
casual wedding guest,0,4,0%,67
maxi black wedding guest dress,0,4,0%,68
fall wedding guest dresses 2021,0,4,0%,70.75
semi formal wedding dress,0,4,0%,71.5
formal wedding guest,0,4,0%,74.25
cocktail dresses wedding,0,4,0%,75.75
blush pink dress for wedding,0,4,0%,80.25
wedding guest dress summer,0,4,0%,82.75
rose pink dress for wedding,0,4,0%,83
casual dress for wedding female,0,4,0%,83.5
cocktail wedding dresses guest,0,4,0%,86.75
what to wear to casual wedding,0,4,0%,88
formal dresses for weddings guests,0,4,0%,88.25
indian guest wedding dresses,0,3,0%,44.67
indian inspired dress for wedding guest,0,3,0%,47.67
indian wedding reception dress for guest,0,3,0%,52.33
casual dresses for wedding guests,0,3,0%,55.67
dressy casual for wedding,0,3,0%,55.67
black tie wedding guest dress,0,3,0%,56.67
formal guest wedding dresses,0,3,0%,56.67
spring wedding guest dress 2026,0,3,0%,57.67
long black wedding guest dresses,0,3,0%,60.67
modern indian wedding guest dresses,0,3,0%,60.67
casual wedding outfits for guests,0,3,0%,63
wedding dressy casual,0,3,0%,64
summer guest wedding dresses,0,3,0%,65
informal wedding outfits,0,3,0%,65.33
casual wedding guest dresses for summer,0,3,0%,65.67
women's casual wedding attire,0,3,0%,67.67
formal wedding attire dresses,0,3,0%,68.33
black maxi wedding guest dress,0,3,0%,69.33
semi formal summer wedding guest dresses,0,3,0%,69.67
formal dress wedding,0,3,0%,70
smart casual wedding guest dresses,0,3,0%,72
short black wedding guest dress,0,3,0%,73.33
dressy casual wedding guest dresses,0,3,0%,74
semi-formal wedding guest dresses,0,3,0%,74
casual outfit for wedding guest,0,3,0%,74.33
blush pink cocktail dress for wedding,0,3,0%,75.33
black summer wedding guest dress,0,3,0%,77
pink cocktail dresses for weddings,0,3,0%,77
black dresses for wedding guest,0,3,0%,78.33
pink lace wedding guest dress,0,3,0%,79
womens summer dresses for weddings,0,3,0%,79.67
wedding guest dresses black,0,3,0%,80
best summer wedding guest dresses,0,3,0%,80.67
casual dress for wedding guest,0,3,0%,80.67
formal wear wedding dresses,0,3,0%,81
black dress for evening wedding,0,3,0%,82
wedding dress cocktail,0,3,0%,82.67
formal cocktail wedding guest dress,0,3,0%,83
pink summer wedding guest dress,0,3,0%,83
dresses for semi formal wedding,0,3,0%,83.67
formal black dresses for wedding guest,0,3,0%,85.33
casual wedding dresses for summer,0,3,0%,86
sundress wedding guest dress,0,3,0%,86
formal dresses for a wedding,0,3,0%,86.33
dress wedding formal,0,3,0%,87.67
light pink wedding dress guest,0,3,0%,88
casual dress for women wedding,0,3,0%,95
black tie wedding guest dresses,0,3,0%,95.67
mother of the groom evening gowns yellow bridesmaid dresses,0,2,0%,25
fuchsia dresses for wedding guest,0,2,0%,36
wedding guest dresses pink,0,2,0%,36.5
pink wedding guest dress summer,0,2,0%,38
light pink dresses for wedding,0,2,0%,39
indian guest wedding dress,0,2,0%,43
summer wedding guest dress pink,0,2,0%,43
indian reception dresses for guests,0,2,0%,44.5
wedding guest dresses casual,0,2,0%,45.5
mauve pink dress for wedding,0,2,0%,46
dusty pink dress for wedding,0,2,0%,48
simple indian wedding guest dresses,0,2,0%,51
hot pink dress wedding guest,0,2,0%,52
black dress wedding party,0,2,0%,52.5
wedding guest casual attire,0,2,0%,55.5
black formal dress wedding guest,0,2,0%,57.5
dresses for casual wedding,0,2,0%,58
black cocktail dress for wedding guest,0,2,0%,59
black formal wedding guest dresses,0,2,0%,59
blush colored dresses for wedding guest,0,2,0%,59
dresses for casual weddings,0,2,0%,59
wedding guest dress casual,0,2,0%,59
casual dress for wedding,0,2,0%,59.5
black dress for wedding guest,0,2,0%,60.5
dressy casual wedding women,0,2,0%,61.5
light brown wedding guest dress,0,2,0%,61.5
black wedding party dresses,0,2,0%,62.5
casual wedding dresses for guests,0,2,0%,62.5
womens casual wedding outfit,0,2,0%,62.5
casual wedding dresses guest,0,2,0%,63
formal wedding attire female guest,0,2,0%,65
semi formal dresses summer wedding,0,2,0%,65.5
dressy casual wedding guest,0,2,0%,66
elegant black wedding guest dress,0,2,0%,66
formal wedding attire dress,0,2,0%,66.5
blush dress for wedding guest,0,2,0%,67
semi formal wedding gowns,0,2,0%,67
casual dress for weddings,0,2,0%,67.5
dress casual wedding attire,0,2,0%,67.5
pink wedding guest dresses for summer,0,2,0%,67.5
blush wedding guest dresses,0,2,0%,68
business casual wedding attire for women,0,2,0%,68
casual wedding attire woman,0,2,0%,68
fuchsia wedding guest dresses,0,2,0%,68
semi formal dresses for weddings,0,2,0%,68
soft pink dress for wedding,0,2,0%,68.5
wedding guest semi formal dress,0,2,0%,68.5
blush pink dresses for wedding,0,2,0%,69
casual wedding guest outfit women,0,2,0%,69
pink formal wedding guest dress,0,2,0%,69
indian inspired dresses for wedding guest,0,2,0%,69.5
pink dress wedding,0,2,0%,69.5
casual wedding guest dresses summer,0,2,0%,70
casual wedding reception dress,0,2,0%,70
semi formal wedding dresses,0,2,0%,70.5
black dresses for wedding guests,0,2,0%,71
wedding guest dresses for summer 2025,0,2,0%,71
black dresses for wedding party,0,2,0%,71.5
pink maxi wedding guest dress,0,2,0%,71.5
summer cocktail wedding guest dresses,0,2,0%,71.5
wedding attire dressy casual,0,2,0%,71.5
cocktail attire wedding guest dresses,0,2,0%,72
black midi wedding guest dress,0,2,0%,72.5
blush dress wedding guest,0,2,0%,72.5
wedding guest dress summer 2025,0,2,0%,72.5
wedding guest formal gowns,0,2,0%,72.5
black wedding dresses guest,0,2,0%,73
long pink wedding guest dress,0,2,0%,73
black long dress wedding guest,0,2,0%,73.5
fuchsia pink dress for wedding,0,2,0%,74
2025 summer wedding guest dresses,0,2,0%,74.5
elegant wedding attire,0,2,0%,74.5
semi formal dress wedding guest,0,2,0%,74.5
summer casual wedding guest dresses,0,2,0%,75
wedding guest attire casual,0,2,0%,75
black wedding evening dress,0,2,0%,75.5
summer stunning wedding guest dresses,0,2,0%,75.5
black dress for wedding reception,0,2,0%,76
formal black wedding guest dresses,0,2,0%,77
wedding cocktail dress,0,2,0%,77
black cocktail dresses for wedding guest,0,2,0%,77.5
dress formal wedding guest,0,2,0%,77.5
casual wedding attire for female guests,0,2,0%,78
hot pink dress for wedding,0,2,0%,78
women semi formal dresses for wedding guest,0,2,0%,78
womens summer wedding guest dresses,0,2,0%,78.5
best summer dresses for a wedding,0,2,0%,79
black wedding guest dress formal,0,2,0%,79
black wedding reception dresses,0,2,0%,79
formal dress for weddings,0,2,0%,79
summer elegant wedding guest dresses,0,2,0%,79
wedding semi formal dresses,0,2,0%,79.5
dress for casual wedding guest,0,2,0%,80
elegant black dress for wedding,0,2,0%,80
dresses for summer weddings,0,2,0%,80.5
dressy casual attire wedding,0,2,0%,80.5
casual dress for wedding reception,0,2,0%,81
june wedding guest dress 2025,0,2,0%,81
casual dress for wedding party,0,2,0%,82
dresses for formal wedding,0,2,0%,82.5
best summer wedding dresses for guests,0,2,0%,83
black dresses for summer wedding,0,2,0%,83
elegant dresses to wear at a wedding,0,2,0%,83
elegant formal wedding guest dresses,0,2,0%,83
black wedding guest gown,0,2,0%,84
elegant summer dresses for wedding guests,0,2,0%,84
casual wedding attire for bride and groom,0,2,0%,84.5
wedding guest dresses for summer,0,2,0%,84.5
womens formal dresses for wedding guest,0,2,0%,84.5
dresses for a casual wedding,0,2,0%,85
dresses to wear to a formal wedding,0,2,0%,85.5
dresses to wear to formal wedding,0,2,0%,85.5
casual wedding wear for women,0,2,0%,86
dresses for wedding guests summer,0,2,0%,86
lightweight summer wedding guest dress,0,2,0%,87
wedding guest dress elegant,0,2,0%,88
black gowns for wedding guest,0,2,0%,88.5
semi formal dress for wedding,0,2,0%,88.5
semi formal dresses for summer wedding,0,2,0%,88.5
black elegant dresses for wedding,0,2,0%,89.5
summer dresses for wedding guests,0,2,0%,89.5
wedding dress semi formal,0,2,0%,89.5
rose color dress for wedding,0,2,0%,90
black formal dress for wedding guest,0,2,0%,92
midi black wedding guest dress,0,2,0%,92.5
best designer dresses for weddings,0,2,0%,94
classy elegant wedding guest dresses,0,2,0%,95
spring 2026 wedding guest dresses,0,2,0%,95
casual dresses for a wedding guest,0,2,0%,96
business casual wedding guest dress,0,2,0%,96.5
elegant dresses for weddings guest,0,2,0%,97.5
black gown for wedding guest,0,2,0%,99
wedding formal dress,0,2,0%,100
best websites for wedding guest dresses 2026,0,1,0%,8
black tie gowns women,0,1,0%,8
indian wedding guest outfits 2026,0,1,0%,9
best black dresses for wedding guest 2025 2026 women,0,1,0%,13
wedding cocktail attire for women,0,1,0%,13
casual.wedding guest dress,0,1,0%,20
wedding guest formal dress,0,1,0%,20
formal dresses to wear to a wedding as a guest,0,1,0%,23
wedding guest dress winter,0,1,0%,23
formal dresses to wear to a wedding,0,1,0%,24
unique formal wedding guest dresses,0,1,0%,24
black cocktail wedding guest dress,0,1,0%,30
butter yellow dress for wedding guest,0,1,0%,30
wedding guest dresses elegant,0,1,0%,31
formal gowns wedding guest,0,1,0%,36
casual wedding party outfits,0,1,0%,39
semi formal wedding guest dress with sleeves,0,1,0%,40
fuschia wedding guest dress,0,1,0%,41
indian inspired wedding guest outfits,0,1,0%,43
black dress for wedding party,0,1,0%,45
casual wedding guest couple attire,0,1,0%,45
casual wedding outfit guest,0,1,0%,46
women spring wedding guest dress 2026,0,1,0%,46
best black tie dresses 2026,0,1,0%,47
casual wedding guest attire women,0,1,0%,47
fuchsia dress wedding guest,0,1,0%,47
black tie wedding guest dress spring 2026,0,1,0%,50
casual women's wedding attire,0,1,0%,50
women's casual wedding guest dresses,0,1,0%,50
indian wedding dress guest,0,1,0%,51
long sleeve wedding guest dresses,0,1,0%,51
best semi formal wedding guest dresses,0,1,0%,52
casual wedding attire women,0,1,0%,52
casual wedding guest attire,0,1,0%,52
casual wedding guest attire female,0,1,0%,52
dress casual wedding guest,0,1,0%,52
pink beach wedding guest dresses,0,1,0%,52
pink spring wedding guest dress,0,1,0%,52
summer wedding guest dress casual,0,1,0%,52
casual wedding outfits women,0,1,0%,53
traditional indian wedding guest dresses,0,1,0%,53
wedding guest outfit casual,0,1,0%,53
casual dresses wedding,0,1,0%,55
lightweight summer wedding guest dresses,0,1,0%,55
wedding guest dresses late summer,0,1,0%,55
wedding guest dresses summer pink,0,1,0%,55
women's black dress for wedding,0,1,0%,55
black wedding guest outfit,0,1,0%,56
casual wedding outfits for female guests,0,1,0%,56
dress for wedding guest indian,0,1,0%,56
women's black cocktail dress for wedding,0,1,0%,56
best cocktail dresses for weddings,0,1,0%,57
dresses for informal wedding,0,1,0%,57
informal wedding guest dresses,0,1,0%,57
pink maxi dress wedding guest,0,1,0%,57
casual wedding outfits for women,0,1,0%,58
cocktail formal wedding guest dress,0,1,0%,58
dress for casual wedding reception,0,1,0%,58
dresses casual wedding,0,1,0%,58
semi formal guest dress,0,1,0%,58
very casual wedding attire,0,1,0%,58
wedding guest outfits india,0,1,0%,58
best formal dress for wedding,0,1,0%,59
black dress summer wedding,0,1,0%,59
dress wedding casual,0,1,0%,59
pink floral dress wedding guest,0,1,0%,59
pink guest dress,0,1,0%,59
baby pink wedding guest dresses,0,1,0%,60
black semi formal wedding guest dress,0,1,0%,60
casual wedding attire guest,0,1,0%,60
formal black dress wedding guest,0,1,0%,60
formal dress wedding women,0,1,0%,60
semi formal summer wedding guest dress,0,1,0%,60
women's dressy casual wedding,0,1,0%,60
black short sleeve wedding guest dress,0,1,0%,61
dark pink dress for wedding,0,1,0%,61
dressy casual attire for wedding,0,1,0%,61
pink dress for beach wedding,0,1,0%,61
pink midi dress wedding guest,0,1,0%,61
pink midi wedding guest dress,0,1,0%,61
sleeves wedding guest dresses,0,1,0%,61
trendy wedding guest dresses 2025,0,1,0%,61
women's black dress for wedding guest,0,1,0%,61
black dress for weddings,0,1,0%,62
casual dress to wear to a wedding,0,1,0%,62
dark pink wedding guest dress,0,1,0%,62
formal wedding guest attire women,0,1,0%,62
formal wedding outfits,0,1,0%,62
pink dresses for wedding,0,1,0%,62
pink summer wedding dress,0,1,0%,62
black dress winter wedding guest,0,1,0%,63
blush dress for wedding,0,1,0%,63
casual dresses to wear to a wedding,0,1,0%,63
dress for formal wedding,0,1,0%,63
elegant attire wedding,0,1,0%,63
midi pink wedding guest dress,0,1,0%,63
midi semi formal dresses for wedding guest,0,1,0%,63
pale pink wedding guest dresses,0,1,0%,63
black evening wedding dress,0,1,0%,64
casual outdoor wedding guest dresses,0,1,0%,64
casual wedding dress for guest,0,1,0%,64
dress formal for wedding,0,1,0%,64
guest wedding dresses black,0,1,0%,64
hot summer wedding guest dress,0,1,0%,64
indian dresses wedding guest,0,1,0%,64
pink wedding dress guest,0,1,0%,64
rose pink dresses for wedding,0,1,0%,64
wedding casual dresses,0,1,0%,64
wedding semi formal dress,0,1,0%,64
best dresses for summer wedding,0,1,0%,65
black dress wedding guest,0,1,0%,65
black tie wedding guest dress fall 2025,0,1,0%,65
brown wedding dress guest,0,1,0%,65
butter yellow wedding guest dress,0,1,0%,65
casual dress wedding guest,0,1,0%,65
casual guest wedding dresses,0,1,0%,65
casual wedding outfit for women,0,1,0%,65
classy black wedding guest dress,0,1,0%,65
dress pink wedding,0,1,0%,65
formal wedding guest dresses black,0,1,0%,65
wedding guest black dress,0,1,0%,65
wedding guest dresses 2025 summer,0,1,0%,65
best black tie wedding dresses,0,1,0%,66
black cocktail dress wedding guest,0,1,0%,66
cocktail style wedding guest dress,0,1,0%,66
dress casual wedding,0,1,0%,66
dresses for formal weddings,0,1,0%,66
flowy summer wedding guest dress,0,1,0%,66
pink dresses wedding,0,1,0%,66
pink gown for wedding,0,1,0%,66
simple black wedding guest dress,0,1,0%,66
wedding guest dresses summer 2024,0,1,0%,66
black maxi dress wedding guest,0,1,0%,67
black.dress wedding,0,1,0%,67
casual outfits for wedding,0,1,0%,67
dark pink dresses for wedding,0,1,0%,67
dress wedding pink,0,1,0%,67
dresses semi formal wedding,0,1,0%,67
semi formal wedding dress guest,0,1,0%,67
traditional indian wedding dress for guests,0,1,0%,67
wedding guest dresses semi formal,0,1,0%,67
women's light pink dress for wedding,0,1,0%,67
women's wedding guest dresses summer,0,1,0%,67
womens wedding guest dresses summer,0,1,0%,67
best dresses for summer weddings,0,1,0%,68
best summer dresses for weddings,0,1,0%,68
black wedding guest dress fall,0,1,0%,68
casual dressy wedding attire,0,1,0%,68
dresses formal wedding guest,0,1,0%,68
formal dress wedding guest,0,1,0%,68
summer dresses for wedding guest,0,1,0%,68
top wedding guest dresses,0,1,0%,68
black wedding guest,0,1,0%,69
black wedding guest dress with sleeves,0,1,0%,69
formal guest wedding attire,0,1,0%,69
guest wedding dresses summer,0,1,0%,69
semi formal guest wedding dresses,0,1,0%,69
summer wedding black dress,0,1,0%,69
womens formal dresses wedding guest,0,1,0%,69
black dresses to wear to wedding,0,1,0%,70
black wedding guest dresses with sleeves,0,1,0%,70
dress for cocktail wedding,0,1,0%,70
summer dresses for wedding,0,1,0%,70
summer wedding guest dresses 2025,0,1,0%,70
wedding elegant cocktail dresses,0,1,0%,70
what to wear to a dressy casual wedding,0,1,0%,70
women wedding guest dresses summer,0,1,0%,70
women's black dresses for wedding,0,1,0%,70
women's elegant dresses for wedding guests,0,1,0%,70
black dress for women wedding guest,0,1,0%,71
black winter wedding guest dress,0,1,0%,71
casual wedding outfit,0,1,0%,71
dresses for a semi formal wedding,0,1,0%,71
formal dresses wedding,0,1,0%,71
guest of wedding black dress,0,1,0%,71
pink formal wedding guest dresses,0,1,0%,71
pink summer wedding dresses,0,1,0%,71
rose pink wedding guest dress,0,1,0%,71
semi formal wedding guest,0,1,0%,71
wedding dresses guest summer,0,1,0%,71
wedding guest dresses butter yellow,0,1,0%,71
casual dress for women for wedding,0,1,0%,72
formal wedding dress,0,1,0%,72
informal wedding wear,0,1,0%,72
pink winter wedding guest dress,0,1,0%,72
semi formal dress wedding,0,1,0%,72
wedding guest elegant dresses,0,1,0%,72
best summer wedding dresses,0,1,0%,73
black dress wedding,0,1,0%,73
black wedding guests,0,1,0%,73
black wedding party dress,0,1,0%,73
butter yellow dress wedding guest,0,1,0%,73
casual attire wedding guest,0,1,0%,73
casual clothing for wedding,0,1,0%,73
casual summer wedding guest dresses,0,1,0%,73
cocktail dresses to wear to wedding,0,1,0%,73
cute dresses for summer wedding,0,1,0%,73
dressy casual dresses for wedding guest,0,1,0%,73
formal dress for a wedding,0,1,0%,73
summer cocktail dresses for wedding guest,0,1,0%,73
black dress for a wedding reception,0,1,0%,74
casual dress for a wedding,0,1,0%,74
dressy casual wedding attire for women,0,1,0%,74
dusty pink dresses for wedding guest,0,1,0%,74
flowy summer wedding guest dresses,0,1,0%,74
formal dresses guest of wedding,0,1,0%,74
guest formal wedding attire,0,1,0%,74
long pink dresses for weddings,0,1,0%,74
pink dresses for wedding guest,0,1,0%,74
semi formal dresses for spring wedding,0,1,0%,74
best black wedding guest dresses,0,1,0%,75
black summer dress for wedding,0,1,0%,75
cocktail dress wedding,0,1,0%,75
dresses for wedding guest black,0,1,0%,75
fancy black dress for wedding,0,1,0%,75
hot pink wedding guest dresses,0,1,0%,75
pink wedding guest gown,0,1,0%,75
wedding black dress,0,1,0%,75
best cocktail dresses 2025,0,1,0%,76
casual dresses for women for wedding,0,1,0%,76
casual wedding guest dress,0,1,0%,76
cocktail dress weddings,0,1,0%,76
informal dresses for wedding,0,1,0%,76
pink dresses for a wedding guest,0,1,0%,76
women elegant dresses for wedding guests,0,1,0%,76
best dresses for weddings,0,1,0%,77
black dress for summer wedding,0,1,0%,77
dress for a casual wedding,0,1,0%,77
dressy casual wedding attire women,0,1,0%,77
semi casual wedding guest dresses,0,1,0%,77
smart casual wedding guest dress,0,1,0%,77
unique cocktail dresses for wedding guest,0,1,0%,77
unique summer wedding guest dresses,0,1,0%,77
wedding dress cocktail attire,0,1,0%,77
best black dress for wedding,0,1,0%,78
black dresses for a wedding guest,0,1,0%,78
black maxi dress for wedding guest,0,1,0%,78
casual reception dress,0,1,0%,78
cocktail attire wedding dresses,0,1,0%,78
pastel pink wedding guest dresses,0,1,0%,78
pink long dress for wedding,0,1,0%,78
rose pink dresses for weddings,0,1,0%,78
semi formal dress for summer wedding,0,1,0%,78
wedding dress cocktail dress,0,1,0%,78
what is dressy casual attire for a wedding,0,1,0%,78
casual dress for reception,0,1,0%,79
casual dresses for a wedding,0,1,0%,79
casual elegant wedding dress,0,1,0%,79
casual outfits for wedding guests,0,1,0%,79
casual summer dress for wedding,0,1,0%,79
dresses for a formal wedding,0,1,0%,79
formal elegant dresses for wedding guests,0,1,0%,79
formal women's dresses for wedding,0,1,0%,79
pale pink dress for wedding,0,1,0%,79
pink long wedding guest dress,0,1,0%,79
pink semi formal dresses for wedding,0,1,0%,79
pink wedding reception dress,0,1,0%,79
sleeves black wedding guest dress,0,1,0%,79
what is casual dress for wedding,0,1,0%,79
what is dressy casual for a wedding,0,1,0%,79
all black wedding guest outfit,0,1,0%,80
best dresses summer wedding,0,1,0%,80
blush dresses for wedding,0,1,0%,80
casual outdoor wedding dresses for guests,0,1,0%,80
casual outfit for wedding,0,1,0%,80
casual wedding guest outfits,0,1,0%,80
fancy dresses to wear to a wedding,0,1,0%,80
simple black dress for wedding guest,0,1,0%,80
wedding guest dresses summer 2026,0,1,0%,80
wedding guests summer dresses,0,1,0%,80
women's wedding guest dress summer,0,1,0%,80
dark wedding guest dress,0,1,0%,81
formal gown for wedding guest,0,1,0%,81
formal wedding attire for women,0,1,0%,81
wedding guest casual,0,1,0%,81
dressy casual wedding dress,0,1,0%,82
formal dress for attending wedding,0,1,0%,82
formal dress to attend wedding,0,1,0%,82
formal gown wedding guest,0,1,0%,82
semi formal dress to wear to a wedding,0,1,0%,82
colorful summer wedding guest dresses,0,1,0%,83
elegant wedding outfits,0,1,0%,83
high end wedding guest dresses,0,1,0%,83
indian wedding dresses for guest,0,1,0%,83
maxi pink wedding guest dress,0,1,0%,83
summer dress for wedding,0,1,0%,83
women's cocktail dresses for weddings,0,1,0%,83
cocktail dress for wedding party,0,1,0%,84
fancy dresses for wedding guests,0,1,0%,84
indian guest wedding outfits,0,1,0%,84
summer dresses wedding guest,0,1,0%,84
best dresses for summer wedding guest,0,1,0%,85
black dress evening wedding,0,1,0%,85
casual wedding dress attire,0,1,0%,85
cocktail style dresses for wedding,0,1,0%,85
formal attire wedding guest dresses,0,1,0%,85
formal black dress for wedding guest,0,1,0%,85
formal dress for a wedding guest,0,1,0%,85
indian wedding guest outfits 2024,0,1,0%,85
semi formal cocktail dress for wedding,0,1,0%,85
semi formal dresses wedding,0,1,0%,85
wedding guest dress dark,0,1,0%,85
wedding guest dresses spring 2026,0,1,0%,85
women's black tie wedding guest dress,0,1,0%,85
casual attire for wedding guest,0,1,0%,86
dress for wedding guest in summer,0,1,0%,86
dresses for wedding cocktail,0,1,0%,86
elegant black dresses for weddings,0,1,0%,86
formal cocktail dresses for weddings,0,1,0%,86
summer dresses for weddings guests,0,1,0%,86
women's formal dresses for wedding guest,0,1,0%,86
black dress for winter wedding,0,1,0%,87
dress for a formal wedding guest,0,1,0%,87
elegant black dress for wedding guest,0,1,0%,87
formal black wedding dress,0,1,0%,87
formal elegant wedding guest dresses,0,1,0%,87
light pink dress for women wedding,0,1,0%,87
long black dresses for wedding guest,0,1,0%,87
pink dresses for women wedding,0,1,0%,87
summer dresses for wedding reception,0,1,0%,87
what to wear casual wedding,0,1,0%,87
womens summer dress for wedding,0,1,0%,87
black fall dresses for wedding,0,1,0%,88
black gown wedding guest,0,1,0%,88
casual summer dresses for weddings,0,1,0%,88
dusty pink dress wedding,0,1,0%,88
pink dresses for a wedding,0,1,0%,88
wedding guest dresses summer 2025,0,1,0%,88
yellow dresses for wedding guest,0,1,0%,88
black attire wedding guest dress,0,1,0%,89
casual dress for summer wedding,0,1,0%,89
cocktail dress for a wedding,0,1,0%,89
dresses for a casual wedding guest,0,1,0%,89
dresses for a summer wedding guest,0,1,0%,89
light pink long dress for wedding,0,1,0%,89
yellow dresses for a wedding guest,0,1,0%,89
black wedding outfits,0,1,0%,90
casual chic wedding attire,0,1,0%,90
classy formal wedding guest dresses,0,1,0%,90
cocktail dresses for evening wedding,0,1,0%,90
dresses for a semi formal event,0,1,0%,90
dresses for wedding guest summer,0,1,0%,90
most beautiful wedding guest dresses,0,1,0%,90
pink dress for wedding reception,0,1,0%,90
pink dresses wedding guest,0,1,0%,90
semi formal dress for wedding guest,0,1,0%,90
summer black wedding guest dress,0,1,0%,90
wedding formal dresses for women,0,1,0%,90
wedding guest dress semi formal,0,1,0%,90
best wedding guest dresses 2025,0,1,0%,91
black dress for summer wedding guest,0,1,0%,91
casual dresses for outdoor wedding,0,1,0%,91
formal gowns for wedding guest,0,1,0%,91
pink dress for wedding party,0,1,0%,91
wedding guest casual dresses,0,1,0%,91
wedding guest dresses summer cocktail,0,1,0%,91
winter wedding guest dress,0,1,0%,91
black flowy wedding guest dress,0,1,0%,92
cute summer dresses for wedding guest,0,1,0%,92
fuchsia pink dresses for wedding,0,1,0%,92
pink long dresses for wedding,0,1,0%,92
wedding cocktail dresses for women,0,1,0%,92
beautiful black dresses for wedding,0,1,0%,93
black dress for fall wedding,0,1,0%,93
dresses for wedding summer,0,1,0%,93
flowy black tie wedding guest dress,0,1,0%,93
summer dresses for women wedding guest,0,1,0%,93
black midi dress wedding guest,0,1,0%,94
black wedding guest dress nearby,0,1,0%,94
dress wedding guest pink,0,1,0%,94
formal wedding guest gown,0,1,0%,94
formal wedding guest outfits,0,1,0%,94
formal wedding outfits ladies,0,1,0%,94
best summer dress for wedding,0,1,0%,95
casual wear for wedding guest,0,1,0%,95
light pink dress wedding,0,1,0%,95
trendy wedding guest dresses 2026,0,1,0%,95
wedding guest cocktail attire,0,1,0%,95
wedding guest semi formal dresses,0,1,0%,95
black long dress for wedding guest,0,1,0%,96
black.wedding guest dress,0,1,0%,96
casual dresses to wear to wedding,0,1,0%,96
formal cocktail dress wedding,0,1,0%,96
semi formal spring wedding guest dresses,0,1,0%,96
wedding guest semi formal,0,1,0%,96
women's black wedding guest dress,0,1,0%,96
black wedding guest gowns,0,1,0%,97
winter dresses for weddings for guests,0,1,0%,97
women's elegant dress for wedding guest,0,1,0%,97
black backless wedding guest dress,0,1,0%,98
cocktail attire women wedding,0,1,0%,98
high end dresses for wedding guest,0,1,0%,98
semi formal wedding guest attire women,0,1,0%,98
black dresses for women wedding guest,0,1,0%,99
casual wedding dresses for guest,0,1,0%,99
dresses for wedding guest pink,0,1,0%,99
wedding guest dresses in pink,0,1,0%,99
women black wedding guest dress,0,1,0%,99
dressy casual wedding attire female,0,1,0%,100
formal dresses for women wedding,0,1,0%,100
maxi black tie wedding guest dresses,0,1,0%,100
semi casual dress for wedding,0,1,0%,100
pink wedding guest,0,1,0%,109