URL,Last crawled
https://weddinggueststyle.com/a-line-wedding-guest-dresses,1970-01-01
https://weddinggueststyle.com/beach-wedding-guest-dresses,1970-01-01
https://weddinggueststyle.com/best-formal-wedding-guest-dresses,1970-01-01
https://weddinggueststyle.com/black-tie-optional-wedding-guest-dresses,1970-01-01
https://weddinggueststyle.com/black-wedding-guest-dresses,1970-01-01
https://weddinggueststyle.com/blue-wedding-guest-dresses,1970-01-01
https://weddinggueststyle.com/blush-wedding-guest-dresses,1970-01-01
https://weddinggueststyle.com/burgundy-wedding-guest-dresses,1970-01-01
https://weddinggueststyle.com/butter-yellow-wedding-guest-dresses,1970-01-01
https://weddinggueststyle.com/casual-fall-wedding-guest-dresses,1970-01-01
https://weddinggueststyle.com/chocolate-brown-wedding-guest-dresses,1970-01-01
https://weddinggueststyle.com/classy-winter-wedding-guest-dresses,1970-01-01
https://weddinggueststyle.com/dark-green-wedding-guest-dresses,1970-01-01
https://weddinggueststyle.com/designer-wedding-guest-dresses,1970-01-01
https://weddinggueststyle.com/dressy-casual-wedding-guest-dresses,1970-01-01
https://weddinggueststyle.com/elegant-black-wedding-guest-dresses,1970-01-01
https://weddinggueststyle.com/elegant-wedding-guest-dresses,1970-01-01
https://weddinggueststyle.com/emerald-green-wedding-guest-dresses,1970-01-01
https://weddinggueststyle.com/fall-wedding-guest-dresses,1970-01-01
https://weddinggueststyle.com/floral-maxi-wedding-guest-dresses,1970-01-01
https://weddinggueststyle.com/floral-wedding-guest-dresses,1970-01-01
https://weddinggueststyle.com/formal-wedding-guest-dresses,1970-01-01
https://weddinggueststyle.com/fuchsia-wedding-guest-dresses,1970-01-01
https://weddinggueststyle.com/garden-party-wedding-guest-dresses,1970-01-01
https://weddinggueststyle.com/green-wedding-guest-dresses,1970-01-01
https://weddinggueststyle.com/knee-length-wedding-guest-dresses,1970-01-01
https://weddinggueststyle.com/light-pink-wedding-guest-dresses,1970-01-01
https://weddinggueststyle.com/long-wedding-guest-dresses,1970-01-01
https://weddinggueststyle.com/maternity-wedding-guest-dresses,1970-01-01
https://weddinggueststyle.com/maxi-wedding-guest-dresses,1970-01-01
https://weddinggueststyle.com/midi-wedding-guest-dresses,1970-01-01
https://weddinggueststyle.com/modest-wedding-guest-dresses,1970-01-01
https://weddinggueststyle.com/navy-wedding-guest-dresses,1970-01-01
https://weddinggueststyle.com/olive-green-wedding-guest-dresses,1970-01-01
https://weddinggueststyle.com/petite-wedding-guest-dresses,1970-01-01
https://weddinggueststyle.com/plus-size-summer-wedding-guest-dresses,1970-01-01
https://weddinggueststyle.com/plus-size-wedding-guest-dresses,1970-01-01
https://weddinggueststyle.com/sage-green-wedding-guest-dresses,1970-01-01
https://weddinggueststyle.com/spring-wedding-guest-dresses,1970-01-01
https://weddinggueststyle.com/summer-wedding-guest-dresses,1970-01-01
https://weddinggueststyle.com/trendy-plus-size-wedding-guest-dresses,1970-01-01
https://weddinggueststyle.com/wedding-guest-dresses-for-big-tummy,1970-01-01
https://weddinggueststyle.com/wedding-guest-dresses-over-50,1970-01-01
https://weddinggueststyle.com/wedding-guest-dresses-with-sleeves,1970-01-01
https://weddinggueststyle.com/winter-wedding-guest-dresses,1970-01-01